url_path,views_total,views_unique
/cschu/gff_quantifier/pull/60,44,2
/cschu/gff_quantifier,15,3
/cschu/gff_quantifier/branches,5,1
/cschu/gff_quantifier/pull/60/changes,5,1
/cschu/gff_quantifier/commits/feature/np_core_20241215,4,1
/cschu/gff_quantifier/blob/main/gffquant/profilers/feature_quantifier.py,3,1
/cschu/gff_quantifier/commit/791bb8b9d4c8aa04e43fdfc6cd8b9d3b601094fb,3,1
/cschu/gff_quantifier/commit/baf15938efcb318eb14b86347d2656c8ad63a1e1,3,1
/cschu/gff_quantifier/commit/b1fff15ed57568b135eff5227cb789f157d83914,2,1
/cschu/gff_quantifier/commit/c8eec349c7eb1c3c3671efd13f75a99203f19ed5,2,1
